Scenario,Reserve Estimate (NGN),Change vs Base (%)
base,2235.4514259621797,0.0
market_crash,2676.4776688700586,19.728732988150387
hyperinflation,9.658268204183766,-99.56794998576063
longevity_shock,2194.1389572404746,-1.8480593334262885
combined_stress,277.154793371812,-87.6018422877375
