year,inflation
2025,
2024,33.2420966545406
2023,24.659550203114
2022,18.8471877843274
2021,16.9528457221608
2020,13.2460234276597
2019,11.3964223378116
2018,12.0951065173432
2017,16.5022662139641
2016,15.6968126387972
2015,9.00943498007706
2014,8.04741087967907
2013,8.49551838265669
2012,12.2242413020584
2011,10.8261371880017
2010,13.7400521363694
2009,12.5378277304689
2008,11.5810751748252
2007,5.38800796858626
2006,8.22522152017047
2005,17.8634933661605
