year,gdp_growth
2025,
2024,4.06236408888319
2023,3.32684556421316
2022,4.31882949523192
2021,1.10925253938163
2020,-6.36889840510109
2019,2.20842927714892
2018,1.92275734200614
2017,0.805886619102438
2016,-1.61686894906509
2015,2.65269329543001
2014,6.30971865525431
2013,6.67133539306167
2012,4.23006117493223
2011,5.30792420289453
2010,8.00565591628701
2009,8.03692510099023
2008,6.76447277780228
2007,6.59113036068679
2006,6.05942803202906
2005,6.43851652538348
